{"nm":"Main Scene","ddd":0,"h":500,"w":500,"meta":{"g":"@lottiefiles/creator 1.17.0"},"layers":[{"ty":0,"nm":"Verify Phone Number","sr":1,"st":0,"op":96,"ip":0,"hd":false,"ddd":0,"bm":0,"hasMask":false,"ao":0,"ks":{"a":{"a":0,"k":[158,188]},"s":{"a":0,"k":[100,100]},"sk":{"a":0,"k":0},"p":{"a":0,"k":[241,274]},"r":{"a":0,"k":0},"sa":{"a":0,"k":0},"o":{"a":0,"k":100}},"ef":[],"w":334,"h":328,"refId":"precomp_Verify_4083ae76-8e33-4f7e-891f-f779552acdbe","ind":1}],"v":"5.7.0","fr":24,"op":77,"ip":0,"assets":[{"nm":"","id":"comp_0_08cb3db1-5cb8-468d-a9c1-e48f1b79194d","layers":[{"ty":4,"nm":"* 4 Outlines","sr":1,"st":15,"op":255,"ip":15,"hd":false,"ddd":0,"bm":0,"hasMask":false,"ao":0,"ks":{"a":{"a":0,"k":[1,-21,0],"ix":1},"s":{"a":1,"k":[{"o":{"x":0.605,"y":0},"i":{"x":0.323,"y":1},"s":[0,0,100],"t":15.5},{"s":[100,100,100],"t":20}],"ix":6},"sk":{"a":0,"k":0},"p":{"a":0,"k":[255.5,97.5,0],"ix":2},"r":{"a":0,"k":0,"ix":10},"sa":{"a":0,"k":0},"o":{"a":0,"k":100,"ix":11}},"ef":[],"shapes":[{"ty":"gr","bm":0,"hd":false,"mn":"ADBE Vector Group","nm":"*","ix":1,"cix":2,"np":3,"it":[{"ty":"sh","bm":0,"hd":false,"mn":"ADBE Vector Shape - Group","nm":"*","ix":1,"d":1,"ks":{"a":0,"k":{"c":true,"i":[[0,0],[0.073,1.072],[0,0],[0,0],[-0.508,1.009],[0,0],[1.015,0.442],[0,0],[0,0],[0.508,0.946],[0,0],[1.088,-0.631],[0,0],[0,0],[1.233,0],[0,0],[-0.073,-1.072],[0,0],[0,0],[0.508,-1.009],[0,0],[-1.088,-0.505],[0,0],[0,0],[-0.508,-0.946],[0,0],[-1.088,0.631],[0,0],[0,0],[-1.305,0]],"o":[[1.233,0],[0,0],[0,0],[1.088,0.631],[0,0],[0.508,-0.946],[0,0],[0,0],[1.088,-0.505],[0,0],[-0.508,-1.072],[0,0],[0,0],[0.073,-1.072],[0,0],[-1.305,0],[0,0],[0,0],[-1.088,-0.631],[0,0],[-0.508,0.946],[0,0],[0,0],[-1.088,0.442],[0,0],[0.508,1.072],[0,0],[0,0],[-0.073,1.072],[0,0]],"v":[[3.218,-7.187],[4.958,-8.827],[4.45,-15.451],[11.194,-11.729],[13.659,-12.296],[15.544,-15.577],[14.747,-17.659],[7.351,-20.876],[14.674,-23.904],[15.544,-26.049],[13.659,-29.329],[11.194,-29.96],[4.45,-26.301],[4.958,-33.24],[3.218,-34.88],[-1.278,-34.88],[-3.091,-33.24],[-2.728,-26.175],[-9.472,-29.96],[-11.937,-29.392],[-13.75,-26.112],[-12.88,-23.967],[-5.556,-20.876],[-12.952,-17.659],[-13.75,-15.577],[-11.937,-12.36],[-9.472,-11.729],[-2.728,-15.451],[-3.091,-8.827],[-1.278,-7.187]]},"ix":2}},{"ty":"fl","bm":0,"hd":false,"mn":"ADBE Vector Graphic - Fill","nm":"Fill 1","c":{"a":0,"k":[0.0863,0.2196,0.3529],"ix":4},"r":1,"o":{"a":0,"k":100,"ix":5}},{"ty":"st","bm":0,"hd":false,"mn":"ADBE Vector Graphic - Stroke","nm":"Stroke 1","lc":1,"lj":1,"ml":4,"o":{"a":0,"k":100,"ix":4},"w":{"a":0,"k":0.01,"ix":5},"c":{"a":0,"k":[0.6,0.1804,0.8196],"ix":3}},{"ty":"tr","a":{"a":0,"k":[0,0],"ix":1},"s":{"a":0,"k":[100,100],"ix":3},"sk":{"a":0,"k":0,"ix":4},"p":{"a":0,"k":[0,0],"ix":2},"r":{"a":0,"k":0,"ix":6},"sa":{"a":0,"k":0,"ix":5},"o":{"a":0,"k":100,"ix":7}}]}],"ind":1},{"ty":4,"nm":"* 3 Outlines","sr":1,"st":12,"op":252,"ip":12,"hd":false,"ddd":0,"bm":0,"hasMask":false,"ao":0,"ks":{"a":{"a":0,"k":[1,-21,0],"ix":1},"s":{"a":1,"k":[{"o":{"x":0.78,"y":0},"i":{"x":0.442,"y":1},"s":[0,0,100],"t":12},{"s":[100,100,100],"t":16.5}],"ix":6},"sk":{"a":0,"k":0},"p":{"a":0,"k":[211,97.5,0],"ix":2},"r":{"a":0,"k":0,"ix":10},"sa":{"a":0,"k":0},"o":{"a":0,"k":100,"ix":11}},"ef":[],"shapes":[{"ty":"gr","bm":0,"hd":false,"mn":"ADBE Vector Group","nm":"*","ix":1,"cix":2,"np":3,"it":[{"ty":"sh","bm":0,"hd":false,"mn":"ADBE Vector Shape - Group","nm":"*","ix":1,"d":1,"ks":{"a":0,"k":{"c":true,"i":[[0,0],[0.073,1.072],[0,0],[0,0],[-0.508,1.009],[0,0],[1.015,0.442],[0,0],[0,0],[0.508,0.946],[0,0],[1.088,-0.631],[0,0],[0,0],[1.233,0],[0,0],[-0.073,-1.072],[0,0],[0,0],[0.508,-1.009],[0,0],[-1.088,-0.505],[0,0],[0,0],[-0.508,-0.946],[0,0],[-1.088,0.631],[0,0],[0,0],[-1.305,0]],"o":[[1.233,0],[0,0],[0,0],[1.088,0.631],[0,0],[0.508,-0.946],[0,0],[0,0],[1.088,-0.505],[0,0],[-0.508,-1.072],[0,0],[0,0],[0.073,-1.072],[0,0],[-1.305,0],[0,0],[0,0],[-1.088,-0.631],[0,0],[-0.508,0.946],[0,0],[0,0],[-1.088,0.442],[0,0],[0.508,1.072],[0,0],[0,0],[-0.073,1.072],[0,0]],"v":[[3.218,-7.187],[4.958,-8.827],[4.45,-15.451],[11.194,-11.729],[13.659,-12.296],[15.544,-15.577],[14.747,-17.659],[7.351,-20.876],[14.674,-23.904],[15.544,-26.049],[13.659,-29.329],[11.194,-29.96],[4.45,-26.301],[4.958,-33.24],[3.218,-34.88],[-1.278,-34.88],[-3.091,-33.24],[-2.728,-26.175],[-9.472,-29.96],[-11.937,-29.392],[-13.75,-26.112],[-12.88,-23.967],[-5.556,-20.876],[-12.952,-17.659],[-13.75,-15.577],[-11.937,-12.36],[-9.472,-11.729],[-2.728,-15.451],[-3.091,-8.827],[-1.278,-7.187]]},"ix":2}},{"ty":"fl","bm":0,"hd":false,"mn":"ADBE Vector Graphic - Fill","nm":"Fill 1","c":{"a":0,"k":[0.0863,0.2196,0.3529],"ix":4},"r":1,"o":{"a":0,"k":100,"ix":5}},{"ty":"st","bm":0,"hd":false,"mn":"ADBE Vector Graphic - Stroke","nm":"Stroke 1","lc":1,"lj":1,"ml":4,"o":{"a":0,"k":100,"ix":4},"w":{"a":0,"k":0.01,"ix":5},"c":{"a":0,"k":[0.6,0.1804,0.8196],"ix":3}},{"ty":"tr","a":{"a":0,"k":[0,0],"ix":1},"s":{"a":0,"k":[100,100],"ix":3},"sk":{"a":0,"k":0,"ix":4},"p":{"a":0,"k":[0,0],"ix":2},"r":{"a":0,"k":0,"ix":6},"sa":{"a":0,"k":0,"ix":5},"o":{"a":0,"k":100,"ix":7}}]}],"ind":2},{"ty":4,"nm":"* 2 Outlines","sr":1,"st":9,"op":249,"ip":9,"hd":false,"ddd":0,"bm":0,"hasMask":false,"ao":0,"ks":{"a":{"a":0,"k":[1,-20.5,0],"ix":1},"s":{"a":1,"k":[{"o":{"x":0.748,"y":0},"i":{"x":0.447,"y":1},"s":[0,0,100],"t":9},{"s":[100,100,100],"t":13.5}],"ix":6},"sk":{"a":0,"k":0},"p":{"a":0,"k":[166,98,0],"ix":2},"r":{"a":0,"k":0,"ix":10},"sa":{"a":0,"k":0},"o":{"a":0,"k":100,"ix":11}},"ef":[],"shapes":[{"ty":"gr","bm":0,"hd":false,"mn":"ADBE Vector Group","nm":"*","ix":1,"cix":2,"np":3,"it":[{"ty":"sh","bm":0,"hd":false,"mn":"ADBE Vector Shape - Group","nm":"*","ix":1,"d":1,"ks":{"a":0,"k":{"c":true,"i":[[0,0],[0.073,1.072],[0,0],[0,0],[-0.508,1.009],[0,0],[1.015,0.442],[0,0],[0,0],[0.508,0.946],[0,0],[1.088,-0.631],[0,0],[0,0],[1.233,0],[0,0],[-0.073,-1.072],[0,0],[0,0],[0.508,-1.009],[0,0],[-1.088,-0.505],[0,0],[0,0],[-0.508,-0.946],[0,0],[-1.088,0.631],[0,0],[0,0],[-1.305,0]],"o":[[1.233,0],[0,0],[0,0],[1.088,0.631],[0,0],[0.508,-0.946],[0,0],[0,0],[1.088,-0.505],[0,0],[-0.508,-1.072],[0,0],[0,0],[0.073,-1.072],[0,0],[-1.305,0],[0,0],[0,0],[-1.088,-0.631],[0,0],[-0.508,0.946],[0,0],[0,0],[-1.088,0.442],[0,0],[0.508,1.072],[0,0],[0,0],[-0.073,1.072],[0,0]],"v":[[3.218,-7.187],[4.958,-8.827],[4.45,-15.451],[11.194,-11.729],[13.659,-12.296],[15.544,-15.577],[14.747,-17.659],[7.351,-20.876],[14.674,-23.904],[15.544,-26.049],[13.659,-29.329],[11.194,-29.96],[4.45,-26.301],[4.958,-33.24],[3.218,-34.88],[-1.278,-34.88],[-3.091,-33.24],[-2.728,-26.175],[-9.472,-29.96],[-11.937,-29.392],[-13.75,-26.112],[-12.88,-23.967],[-5.556,-20.876],[-12.952,-17.659],[-13.75,-15.577],[-11.937,-12.36],[-9.472,-11.729],[-2.728,-15.451],[-3.091,-8.827],[-1.278,-7.187]]},"ix":2}},{"ty":"fl","bm":0,"hd":false,"mn":"ADBE Vector Graphic - Fill","nm":"Fill 1","c":{"a":0,"k":[0.0863,0.2196,0.3529],"ix":4},"r":1,"o":{"a":0,"k":100,"ix":5}},{"ty":"st","bm":0,"hd":false,"mn":"ADBE Vector Graphic - Stroke","nm":"Stroke 1","lc":1,"lj":1,"ml":4,"o":{"a":0,"k":100,"ix":4},"w":{"a":0,"k":0.01,"ix":5},"c":{"a":0,"k":[0.6,0.1804,0.8196],"ix":3}},{"ty":"tr","a":{"a":0,"k":[0,0],"ix":1},"s":{"a":0,"k":[100,100],"ix":3},"sk":{"a":0,"k":0,"ix":4},"p":{"a":0,"k":[0,0],"ix":2},"r":{"a":0,"k":0,"ix":6},"sa":{"a":0,"k":0,"ix":5},"o":{"a":0,"k":100,"ix":7}}]}],"ind":3},{"ty":4,"nm":"messagebox","sr":1,"st":0,"op":240,"ip":0,"hd":false,"ddd":0,"bm":0,"hasMask":false,"ao":0,"ks":{"a":{"a":0,"k":[21.082,-21,0],"ix":1},"s":{"a":0,"k":[92.34,93.614,100],"ix":6},"sk":{"a":0,"k":0},"p":{"a":0,"k":[215,100,0],"ix":2},"r":{"a":0,"k":0,"ix":10},"sa":{"a":0,"k":0},"o":{"a":0,"k":100,"ix":11}},"ef":[],"shapes":[{"ty":"gr","bm":0,"hd":false,"mn":"ADBE Vector Group","nm":"Rectangle 1","ix":1,"cix":2,"np":3,"it":[{"ty":"rc","bm":0,"hd":false,"mn":"ADBE Vector Shape - Rect","nm":"Rectangle Path 1","d":1,"p":{"a":0,"k":[0,0],"ix":3},"r":{"a":0,"k":23,"ix":4},"s":{"a":0,"k":[188.496,89.699],"ix":2}},{"ty":"st","bm":0,"hd":false,"mn":"ADBE Vector Graphic - Stroke","nm":"Stroke 1","lc":1,"lj":1,"ml":4,"o":{"a":0,"k":100,"ix":4},"w":{"a":0,"k":10,"ix":5},"c":{"a":0,"k":[1,1,1],"ix":3}},{"ty":"fl","bm":0,"hd":false,"mn":"ADBE Vector Graphic - Fill","nm":"Fill 1","c":{"a":0,"k":[0.6,0.8,1],"ix":4},"r":1,"o":{"a":0,"k":100,"ix":5}},{"ty":"tr","a":{"a":0,"k":[0,0],"ix":1},"s":{"a":0,"k":[100,100],"ix":3},"sk":{"a":0,"k":0,"ix":4},"p":{"a":0,"k":[17.15,-23.131],"ix":2},"r":{"a":0,"k":0,"ix":6},"sa":{"a":0,"k":0,"ix":5},"o":{"a":0,"k":100,"ix":7}}]}],"ind":4}]},{"nm":"Verify","id":"precomp_Verify_4083ae76-8e33-4f7e-891f-f779552acdbe","fr":24,"layers":[{"ty":0,"nm":"Password","sr":1,"st":35,"op":275,"ip":35,"hd":false,"ddd":0,"bm":0,"hasMask":false,"ao":0,"ks":{"a":{"a":0,"k":[129,137,0],"ix":1},"s":{"a":1,"k":[{"o":{"x":0.579,"y":0},"i":{"x":0.501,"y":1},"s":[0,0,100],"t":37},{"o":{"x":0.552,"y":0},"i":{"x":0,"y":1},"s":[120,120,100],"t":43},{"s":[100,100,100],"t":45}],"ix":6},"sk":{"a":0,"k":0},"p":{"a":0,"k":[129,137,0],"ix":2},"r":{"a":1,"k":[{"o":{"x":0.579,"y":0},"i":{"x":0.362,"y":1},"s":[-50],"t":37},{"s":[0],"t":45}],"ix":10},"sa":{"a":0,"k":0},"o":{"a":0,"k":100,"ix":11}},"ef":[],"w":334,"h":328,"refId":"comp_0_08cb3db1-5cb8-468d-a9c1-e48f1b79194d","ind":1},{"ty":4,"nm":"Phone","sr":1,"st":0,"op":240,"ip":0,"hd":false,"ddd":0,"bm":0,"hasMask":false,"ao":0,"ks":{"a":{"a":0,"k":[-55,117,0],"ix":1},"s":{"a":1,"k":[{"o":{"x":1,"y":0},"i":{"x":0.325,"y":1},"s":[0,0,100],"t":12},{"s":[100,100,100],"t":18}],"ix":6},"sk":{"a":0,"k":0},"p":{"a":0,"k":[157,236,0],"ix":2},"r":{"a":1,"k":[{"o":{"x":0.563,"y":0},"i":{"x":0.391,"y":1},"s":[0],"t":18.82},{"o":{"x":0.759,"y":0},"i":{"x":0.421,"y":1},"s":[12],"t":20.861},{"o":{"x":0.644,"y":0},"i":{"x":0.379,"y":1},"s":[-12],"t":23.178},{"o":{"x":0.713,"y":0},"i":{"x":0.448,"y":1},"s":[10],"t":25.262},{"o":{"x":0.724,"y":0},"i":{"x":0.345,"y":1},"s":[-10],"t":27.347},{"o":{"x":0.659,"y":0},"i":{"x":0.395,"y":1},"s":[6],"t":29.199},{"o":{"x":0.682,"y":0},"i":{"x":0.326,"y":1},"s":[-6],"t":31.283},{"o":{"x":0.652,"y":0},"i":{"x":0.292,"y":1},"s":[2],"t":33.368},{"o":{"x":0.697,"y":0},"i":{"x":0.387,"y":1},"s":[-2],"t":35.916},{"s":[0],"t":38}],"ix":10},"sa":{"a":0,"k":0},"o":{"a":0,"k":100,"ix":11}},"ef":[],"shapes":[{"ty":"gr","bm":0,"hd":false,"mn":"ADBE Vector Group","nm":"Rectangle 2","ix":1,"cix":2,"np":3,"it":[{"ty":"rc","bm":0,"hd":false,"mn":"ADBE Vector Shape - Rect","nm":"Rectangle Path 1","d":1,"p":{"a":0,"k":[0,0],"ix":3},"r":{"a":0,"k":20,"ix":4},"s":{"a":0,"k":[46.52,14],"ix":2}},{"ty":"st","bm":0,"hd":false,"mn":"ADBE Vector Graphic - Stroke","nm":"Stroke 1","lc":1,"lj":1,"ml":4,"o":{"a":0,"k":100,"ix":4},"w":{"a":0,"k":0,"ix":5},"c":{"a":0,"k":[0.1725,0.1529,0.102],"ix":3}},{"ty":"fl","bm":0,"hd":false,"mn":"ADBE Vector Graphic - Fill","nm":"Fill 1","c":{"a":0,"k":[0.2157,0.2157,0.2157],"ix":4},"r":1,"o":{"a":0,"k":100,"ix":5}},{"ty":"tr","a":{"a":0,"k":[0,0],"ix":1},"s":{"a":0,"k":[100,100],"ix":3},"sk":{"a":0,"k":0,"ix":4},"p":{"a":0,"k":[-56.444,92.184],"ix":2},"r":{"a":0,"k":0,"ix":6},"sa":{"a":0,"k":0,"ix":5},"o":{"a":0,"k":100,"ix":7}}]},{"ty":"gr","bm":0,"hd":false,"mn":"ADBE Vector Group","nm":"Rectangle 1","ix":2,"cix":2,"np":3,"it":[{"ty":"rc","bm":0,"hd":false,"mn":"ADBE Vector Shape - Rect","nm":"Rectangle Path 1","d":1,"p":{"a":0,"k":[0,0],"ix":3},"r":{"a":0,"k":20,"ix":4},"s":{"a":0,"k":[122.133,206.633],"ix":2}},{"ty":"st","bm":0,"hd":false,"mn":"ADBE Vector Graphic - Stroke","nm":"Stroke 1","lc":1,"lj":1,"ml":4,"o":{"a":0,"k":100,"ix":4},"w":{"a":0,"k":10,"ix":5},"c":{"a":0,"k":[0.1725,0.1529,0.102],"ix":3}},{"ty":"fl","bm":0,"hd":false,"mn":"ADBE Vector Graphic - Fill","nm":"Fill 1","c":{"a":0,"k":[1,1,1],"ix":4},"r":1,"o":{"a":0,"k":100,"ix":5}},{"ty":"tr","a":{"a":0,"k":[0.332,103.258],"ix":1},"s":{"a":0,"k":[100,100],"ix":3},"sk":{"a":0,"k":0,"ix":4},"p":{"a":0,"k":[-56.602,115.574],"ix":2},"r":{"a":0,"k":0,"ix":6},"sa":{"a":0,"k":0,"ix":5},"o":{"a":0,"k":100,"ix":7}}]}],"ind":2},{"ty":4,"nm":"shadow","sr":1,"st":0,"op":240,"ip":0,"hd":false,"ddd":0,"bm":0,"hasMask":false,"ao":0,"ks":{"a":{"a":0,"k":[-45.5,117.5,0],"ix":1},"s":{"a":1,"k":[{"o":{"x":0.333,"y":0},"i":{"x":0.667,"y":1},"s":[0,0,100],"t":18.313},{"s":[100,100,100],"t":26.197265625}],"ix":6},"sk":{"a":0,"k":0},"p":{"a":0,"k":[156.5,240.5,0],"ix":2},"r":{"a":1,"k":[{"o":{"x":0.333,"y":0},"i":{"x":0.667,"y":1},"s":[0],"t":18.313},{"o":{"x":0.333,"y":0},"i":{"x":0.667,"y":1},"s":[4],"t":20.398},{"o":{"x":0.333,"y":0},"i":{"x":0.667,"y":1},"s":[-6],"t":23.178},{"o":{"x":0.333,"y":0},"i":{"x":0.667,"y":1},"s":[8],"t":25.494},{"o":{"x":0.333,"y":0},"i":{"x":0.667,"y":1},"s":[-6],"t":27.81},{"o":{"x":0.333,"y":0},"i":{"x":0.667,"y":1},"s":[0],"t":30.125},{"o":{"x":0.333,"y":0},"i":{"x":0.667,"y":1},"s":[-4],"t":31.979},{"s":[0],"t":33.3681640625}],"ix":10},"sa":{"a":0,"k":0},"o":{"a":0,"k":100,"ix":11}},"ef":[],"shapes":[{"ty":"gr","bm":0,"hd":false,"mn":"ADBE Vector Group","nm":"Ellipse 1","ix":1,"cix":2,"np":3,"it":[{"ty":"el","bm":0,"hd":false,"mn":"ADBE Vector Shape - Ellipse","nm":"Ellipse Path 1","d":1,"p":{"a":0,"k":[0,0],"ix":3},"s":{"a":0,"k":[114.078,21.355],"ix":2}},{"ty":"st","bm":0,"hd":false,"mn":"ADBE Vector Graphic - Stroke","nm":"Stroke 1","lc":1,"lj":1,"ml":4,"o":{"a":0,"k":100,"ix":4},"w":{"a":0,"k":0,"ix":5},"c":{"a":0,"k":[0.1725,0.1529,0.102],"ix":3}},{"ty":"fl","bm":0,"hd":false,"mn":"ADBE Vector Graphic - Fill","nm":"Fill 1","c":{"a":0,"k":[0.8235,0.7686,0.5765],"ix":4},"r":1,"o":{"a":0,"k":100,"ix":5}},{"ty":"tr","a":{"a":0,"k":[0,0],"ix":1},"s":{"a":0,"k":[100,100],"ix":3},"sk":{"a":0,"k":0,"ix":4},"p":{"a":0,"k":[-45.18,114.623],"ix":2},"r":{"a":0,"k":0,"ix":6},"sa":{"a":0,"k":0,"ix":5},"o":{"a":0,"k":100,"ix":7}}]}],"ind":3},{"ty":4,"nm":"Bg","sr":1,"st":0,"op":240,"ip":0,"hd":false,"ddd":0,"bm":0,"hasMask":false,"ao":0,"ks":{"a":{"a":0,"k":[-20.086,-9.086,0],"ix":1},"s":{"a":0,"k":[100,100,100],"ix":6},"sk":{"a":0,"k":0},"p":{"a":0,"k":[181.914,113.914,0],"ix":2},"r":{"a":0,"k":0,"ix":10},"sa":{"a":0,"k":0},"o":{"a":0,"k":100,"ix":11}},"ef":[],"shapes":[{"ty":"gr","bm":0,"hd":false,"mn":"ADBE Vector Group","nm":"Ellipse 1","ix":1,"cix":2,"np":3,"it":[{"ty":"el","bm":0,"hd":false,"mn":"ADBE Vector Shape - Ellipse","nm":"Ellipse Path 1","d":1,"p":{"a":0,"k":[0,0],"ix":3},"s":{"a":0,"k":[235.828,235.828],"ix":2}},{"ty":"st","bm":0,"hd":false,"mn":"ADBE Vector Graphic - Stroke","nm":"Stroke 1","lc":1,"lj":1,"ml":4,"o":{"a":0,"k":100,"ix":4},"w":{"a":0,"k":0,"ix":5},"c":{"a":0,"k":[1,0.8392,0.3961],"ix":3}},{"ty":"fl","bm":0,"hd":false,"mn":"ADBE Vector Graphic - Fill","nm":"Fill 1","c":{"a":0,"k":[1,0.9333,0.5569],"ix":4},"r":1,"o":{"a":0,"k":100,"ix":5}},{"ty":"tr","a":{"a":0,"k":[0,0],"ix":1},"s":{"a":0,"k":[100,100],"ix":3},"sk":{"a":0,"k":0,"ix":4},"p":{"a":0,"k":[-44.312,65.148],"ix":2},"r":{"a":0,"k":0,"ix":6},"sa":{"a":0,"k":0,"ix":5},"o":{"a":0,"k":100,"ix":7}}]}],"ind":4}]}]}