{
  "project_info": {
    "project_number": "1000094416883",
    "firebase_url": "https://social-69160-default-rtdb.firebaseio.com",
    "project_id": "social-69160",
    "storage_bucket": "social-69160.appspot.com"
  },
  "client": [
    {
      "client_info": {
        "mobilesdk_app_id": "1:1000094416883:android:5ba0d7b4fd470fd28a1c86",
        "android_client_info": {
          "package_name": "com.example.social"
        }
      },
      "oauth_client": [],
      "api_key": [
        {
          "current_key": "AIzaSyAhm8XThEtd9Qb22tXzSBaUInS6XnnfrDk"
        }
      ],
      "services": {
        "appinvite_service": {
          "other_platform_oauth_client": []
        }
      }
    }
  ],
  "configuration_version": "1"
}